0	NIL
1	<java.lang.reflect.Method: java.lang.Object invoke(java.lang.Object,java.lang.Object[])>
2	<Start Method>
3	<java.util.HashSet: void readObject(java.io.ObjectInputStream)>
4	<java.util.HashMap: java.lang.Object put(java.lang.Object,java.lang.Object)>
5	<org.apache.commons.collections.MultiHashMap: java.lang.Object put(java.lang.Object,java.lang.Object)>
6	<org.apache.commons.collections.FastHashMap: java.lang.Object put(java.lang.Object,java.lang.Object)>
7	<org.apache.commons.collections.functors.AndPredicate: boolean evaluate(java.lang.Object)>
8	<org.apache.commons.collections.functors.OrPredicate: boolean evaluate(java.lang.Object)>
9	<org.apache.commons.collections.functors.NonePredicate: boolean evaluate(java.lang.Object)>
10	<org.apache.commons.collections.functors.AllPredicate: boolean evaluate(java.lang.Object)>
11	<org.apache.commons.collections.functors.AnyPredicate: boolean evaluate(java.lang.Object)>
12	<org.apache.commons.collections.functors.TransformerPredicate: boolean evaluate(java.lang.Object)>
13	<org.apache.commons.collections.functors.NotPredicate: boolean evaluate(java.lang.Object)>
14	<org.apache.commons.collections.functors.NullIsFalsePredicate: boolean evaluate(java.lang.Object)>
15	<org.apache.commons.collections.functors.NullIsTruePredicate: boolean evaluate(java.lang.Object)>
16	<org.apache.commons.collections.functors.NullIsExceptionPredicate: boolean evaluate(java.lang.Object)>
17	<org.apache.commons.collections.functors.OnePredicate: boolean evaluate(java.lang.Object)>
18	<org.apache.commons.collections.functors.TransformedPredicate: boolean evaluate(java.lang.Object)>
19	<org.apache.commons.collections.functors.EqualPredicate: boolean evaluate(java.lang.Object)>
20	<org.apache.commons.collections.bag.SynchronizedBag: int getCount(java.lang.Object)>
21	<org.apache.commons.collections.bag.TransformedBag: int getCount(java.lang.Object)>
22	<org.apache.commons.collections.DefaultMapBag: int getCount(java.lang.Object)>
23	<org.apache.commons.collections.iterators.ObjectGraphIterator: void findNext(java.lang.Object)>
24	<org.apache.commons.collections.iterators.ObjectGraphIterator: void findNextByIterator(java.util.Iterator)>
25	<org.apache.commons.collections.functors.SwitchTransformer: java.lang.Object transform(java.lang.Object)>
26	<org.apache.commons.collections.functors.MapTransformer: java.lang.Object transform(java.lang.Object)>
27	<org.apache.commons.collections.functors.InvokerTransformer: java.lang.Object transform(java.lang.Object)>
28	<org.apache.commons.collections.functors.ChainedTransformer: java.lang.Object transform(java.lang.Object)>
29	<org.apache.commons.collections.functors.PredicateTransformer: java.lang.Object transform(java.lang.Object)>
30	<org.apache.commons.collections.iterators.ObjectGraphIterator: boolean hasNext()>
31	<org.apache.commons.collections.iterators.ObjectGraphIterator: java.lang.Object next()>
32	<org.apache.commons.collections.iterators.AbstractMapIteratorDecorator: boolean hasNext()>
33	<org.apache.commons.collections.iterators.AbstractMapIteratorDecorator: java.lang.Object next()>
34	<org.apache.commons.collections.iterators.ProxyIterator: boolean hasNext()>
35	<org.apache.commons.collections.iterators.ProxyIterator: java.lang.Object next()>
36	<org.apache.commons.collections.iterators.LoopingIterator: java.lang.Object next()>
37	<org.apache.commons.collections.iterators.IteratorChain: boolean hasNext()>
38	<org.apache.commons.collections.iterators.IteratorChain: java.lang.Object next()>
39	<org.apache.commons.collections.iterators.UnmodifiableIterator: boolean hasNext()>
40	<org.apache.commons.collections.iterators.UnmodifiableIterator: java.lang.Object next()>
41	<org.apache.commons.collections.iterators.AbstractIteratorDecorator: boolean hasNext()>
42	<org.apache.commons.collections.iterators.AbstractIteratorDecorator: java.lang.Object next()>
43	<org.apache.commons.collections.iterators.CollatingIterator: boolean hasNext()>
44	<org.apache.commons.collections.iterators.CollatingIterator: java.lang.Object next()>
45	<org.apache.commons.collections.iterators.UnmodifiableMapIterator: boolean hasNext()>
46	<org.apache.commons.collections.iterators.UnmodifiableMapIterator: java.lang.Object next()>
47	<org.apache.commons.collections.iterators.FilterIterator: boolean hasNext()>
48	<org.apache.commons.collections.iterators.FilterIterator: java.lang.Object next()>
49	<org.apache.commons.collections.iterators.TransformIterator: boolean hasNext()>
50	<org.apache.commons.collections.iterators.TransformIterator: java.lang.Object next()>
51	<org.apache.commons.collections.iterators.FilterListIterator: boolean hasNext()>
52	<org.apache.commons.collections.iterators.FilterListIterator: java.lang.Object next()>
53	<org.apache.commons.collections.iterators.ListIteratorWrapper: boolean hasNext()>
54	<org.apache.commons.collections.iterators.ListIteratorWrapper: java.lang.Object next()>
55	<org.apache.commons.collections.iterators.EntrySetMapIterator: boolean hasNext()>
56	<org.apache.commons.collections.iterators.EntrySetMapIterator: java.lang.Object next()>
57	<org.apache.commons.collections.LRUMap: java.lang.Object get(java.lang.Object)>
58	<org.apache.commons.collections.SequencedHashMap: boolean containsKey(java.lang.Object)>
59	<org.apache.commons.collections.SequencedHashMap: java.lang.Object put(java.lang.Object,java.lang.Object)>
60	<org.apache.commons.collections.SequencedHashMap: java.lang.Object remove(java.lang.Object)>
61	<org.apache.commons.collections.LRUMap: java.lang.Object put(java.lang.Object,java.lang.Object)>
62	<org.apache.commons.collections.LRUMap: void removeLRU()>
63	<org.apache.commons.collections.keyvalue.TiedMapEntry: boolean equals(java.lang.Object)>
64	<org.apache.commons.collections.StaticBucketMap: boolean equals(java.lang.Object)>
65	<org.apache.commons.collections.keyvalue.AbstractMapEntry: boolean equals(java.lang.Object)>
66	<org.apache.commons.collections.FastTreeMap: boolean equals(java.lang.Object)>
67	<org.apache.commons.collections.map.Flat3Map: boolean equals(java.lang.Object)>
68	<org.apache.commons.collections.collection.AbstractCollectionDecorator: boolean equals(java.lang.Object)>
69	<org.apache.commons.collections.bag.AbstractMapBag: boolean equals(java.lang.Object)>
70	<org.apache.commons.collections.keyvalue.DefaultKeyValue: boolean equals(java.lang.Object)>
71	<org.apache.commons.collections.DefaultMapEntry: boolean equals(java.lang.Object)>
72	<org.apache.commons.collections.map.SingletonMap: boolean equals(java.lang.Object)>
73	<org.apache.commons.collections.map.StaticBucketMap: boolean equals(java.lang.Object)>
74	<java.util.AbstractMap: boolean equals(java.lang.Object)>
75	<java.util.Hashtable: boolean equals(java.lang.Object)>
76	<org.apache.commons.collections.keyvalue.MultiKey: boolean equals(java.lang.Object)>
77	<org.apache.commons.collections.ProxyMap: boolean equals(java.lang.Object)>
78	<org.apache.commons.collections.bidimap.TreeBidiMap: boolean equals(java.lang.Object)>
79	<org.apache.commons.collections.DefaultMapBag: boolean equals(java.lang.Object)>
80	<org.apache.commons.collections.FastHashMap: boolean equals(java.lang.Object)>
81	<java.util.HashMap$Node: boolean equals(java.lang.Object)>
82	<org.apache.commons.collections.set.MapBackedSet: boolean equals(java.lang.Object)>
83	<org.apache.commons.collections.collection.SynchronizedCollection: boolean equals(java.lang.Object)>
84	<org.apache.commons.collections.map.CompositeMap: boolean equals(java.lang.Object)>
85	<org.apache.commons.collections.map.MultiKeyMap: boolean equals(java.lang.Object)>
86	<org.apache.commons.collections.SequencedHashMap: boolean equals(java.lang.Object)>
87	<org.apache.commons.collections.map.AbstractHashedMap: boolean equals(java.lang.Object)>
88	<org.apache.commons.collections.keyvalue.TiedMapEntry: java.lang.Object getValue()>
89	<org.apache.commons.collections.comparators.FixedOrderComparator: int compare(java.lang.Object,java.lang.Object)>
90	<org.apache.commons.collections.StaticBucketMap: java.lang.Object get(java.lang.Object)>
91	<org.apache.commons.collections.map.LazyMap: java.lang.Object get(java.lang.Object)>
92	<org.apache.commons.collections.map.Flat3Map: java.lang.Object get(java.lang.Object)>
93	<org.apache.commons.collections.ReferenceMap: java.lang.Object get(java.lang.Object)>
94	<org.apache.commons.collections.map.LRUMap: java.lang.Object get(java.lang.Object)>
95	<java.util.HashMap: java.lang.Object get(java.lang.Object)>
96	<org.apache.commons.collections.map.SingletonMap: java.lang.Object get(java.lang.Object)>
97	<org.apache.commons.collections.map.StaticBucketMap: java.lang.Object get(java.lang.Object)>
98	<java.util.Hashtable: java.lang.Object get(java.lang.Object)>
99	<org.apache.commons.collections.ProxyMap: java.lang.Object get(java.lang.Object)>
100	<org.apache.commons.collections.map.AbstractReferenceMap: java.lang.Object get(java.lang.Object)>
101	<org.apache.commons.collections.FastHashMap: java.lang.Object get(java.lang.Object)>
102	<org.apache.commons.collections.map.CompositeMap: java.lang.Object get(java.lang.Object)>
103	<org.apache.commons.collections.map.MultiKeyMap: java.lang.Object get(java.lang.Object)>
104	<org.apache.commons.collections.SequencedHashMap: java.lang.Object get(java.lang.Object)>
105	<org.apache.commons.collections.map.AbstractHashedMap: java.lang.Object get(java.lang.Object)>
106	<java.util.AbstractCollection: boolean contains(java.lang.Object)>
107	<java.util.AbstractCollection: java.lang.Object[] finishToArray(java.lang.Object[],java.util.Iterator)>
108	<java.util.AbstractCollection: boolean addAll(java.util.Collection)>
109	<java.util.HashSet: boolean add(java.lang.Object)>
110	<org.apache.commons.collections.FastArrayList: boolean contains(java.lang.Object)>
111	<java.util.ArrayList: boolean contains(java.lang.Object)>
112	<java.util.HashSet: void <init>(java.util.Collection)>
113	<org.apache.commons.collections.MapUtils: java.lang.Number getNumber(java.util.Map,java.lang.Object)>
114	<org.apache.commons.collections.MapUtils: java.lang.Integer getInteger(java.util.Map,java.lang.Object)>
115	<org.apache.commons.collections.StaticBucketMap: int getHash(java.lang.Object)>
116	<org.apache.commons.collections.keyvalue.TiedMapEntry: int hashCode()>
117	<org.apache.commons.collections.FastArrayList: int hashCode()>
118	<org.apache.commons.collections.keyvalue.AbstractMapEntry: int hashCode()>
119	<org.apache.commons.collections.map.Flat3Map: int hashCode()>
120	<org.apache.commons.collections.collection.AbstractCollectionDecorator: int hashCode()>
121	<java.util.AbstractList: int hashCode()>
122	<org.apache.commons.collections.keyvalue.DefaultKeyValue: int hashCode()>
123	<org.apache.commons.collections.set.CompositeSet: int hashCode()>
124	<org.apache.commons.collections.DefaultMapEntry: int hashCode()>
125	<org.apache.commons.collections.map.SingletonMap: int hashCode()>
126	<org.apache.commons.collections.list.AbstractLinkedList: int hashCode()>
127	<org.apache.commons.collections.ProxyMap: int hashCode()>
128	<org.apache.commons.collections.bidimap.TreeBidiMap: int hashCode()>
129	<org.apache.commons.collections.DefaultMapBag: int hashCode()>
130	<org.apache.commons.collections.set.MapBackedSet: int hashCode()>
131	<org.apache.commons.collections.collection.SynchronizedCollection: int hashCode()>
132	<org.apache.commons.collections.map.CompositeMap: int hashCode()>
133	<org.apache.commons.collections.map.MultiKeyMap: int hashCode()>
134	<org.apache.commons.collections.map.AbstractHashedMap: int hashCode()>
135	<org.apache.commons.collections.StaticBucketMap: java.lang.Object put(java.lang.Object,java.lang.Object)>
136	<org.apache.commons.collections.StaticBucketMap: boolean containsKey(java.lang.Object)>
137	<org.apache.commons.collections.ProxyMap: java.util.Set entrySet()>
138	<org.apache.commons.collections.map.CompositeMap: java.util.Set entrySet()>
139	<org.apache.commons.collections.CollectionUtils: java.util.Collection intersection(java.util.Collection,java.util.Collection)>
140	<org.apache.commons.collections.CollectionUtils: java.util.Map getCardinalityMap(java.util.Collection)>
141	<org.apache.commons.collections.CollectionUtils: int getFreq(java.lang.Object,java.util.Map)>
142	<org.apache.commons.collections.bag.UnmodifiableSortedBag: java.util.Iterator iterator()>
143	<org.apache.commons.collections.list.UnmodifiableList: java.util.Iterator iterator()>
144	<org.apache.commons.collections.list.SetUniqueList: java.util.Iterator iterator()>
145	<org.apache.commons.collections.collection.AbstractCollectionDecorator: java.util.Iterator iterator()>
146	<org.apache.commons.collections.map.UnmodifiableEntrySet$UnmodifiableEntrySetIterator: java.lang.Object next()>
147	<org.apache.commons.collections.collection.CompositeCollection: java.util.Iterator iterator()>
148	<org.apache.commons.collections.collection.UnmodifiableCollection: java.util.Iterator iterator()>
149	<java.util.Collections$SynchronizedCollection: java.util.Iterator iterator()>
150	<org.apache.commons.collections.collection.UnmodifiableBoundedCollection: java.util.Iterator iterator()>
151	<org.apache.commons.collections.DefaultMapBag: java.util.Iterator iterator()>
152	<org.apache.commons.collections.set.UnmodifiableSortedSet: java.util.Iterator iterator()>
153	<org.apache.commons.collections.set.MapBackedSet: java.util.Iterator iterator()>
154	<org.apache.commons.collections.collection.SynchronizedCollection: java.util.Iterator iterator()>
155	<org.apache.commons.collections.set.UnmodifiableSet: java.util.Iterator iterator()>
156	<org.apache.commons.collections.list.SetUniqueList$SetListIterator: java.lang.Object next()>
157	<org.apache.commons.collections.bidimap.AbstractDualBidiMap$EntrySet: java.util.Iterator iterator()>
158	<org.apache.commons.collections.buffer.UnmodifiableBuffer: java.util.Iterator iterator()>
159	<org.apache.commons.collections.list.FixedSizeList: java.util.Iterator iterator()>
160	<org.apache.commons.collections.map.UnmodifiableEntrySet: java.util.Iterator iterator()>
161	<org.apache.commons.collections.bag.UnmodifiableBag: java.util.Iterator iterator()>
162	<org.apache.commons.collections.BeanMap: java.lang.Object put(java.lang.Object,java.lang.Object)>
163	<org.apache.commons.collections.comparators.TransformingComparator: int compare(java.lang.Object,java.lang.Object)>
164	<org.apache.commons.collections.comparators.ReverseComparator: int compare(java.lang.Object,java.lang.Object)>
165	<org.apache.commons.collections.comparators.NullComparator: int compare(java.lang.Object,java.lang.Object)>
166	<java.util.ArrayList: void <init>(java.util.Collection)>
167	<java.util.AbstractCollection: java.lang.Object[] toArray()>
168	<org.apache.commons.collections.collection.AbstractCollectionDecorator: java.lang.Object[] toArray()>
169	<org.apache.commons.collections.collection.CompositeCollection: java.lang.Object[] toArray()>
170	<org.apache.commons.collections.DefaultMapBag: java.lang.Object[] toArray()>
171	<org.apache.commons.collections.set.MapBackedSet: java.lang.Object[] toArray()>
172	<org.apache.commons.collections.collection.SynchronizedCollection: java.lang.Object[] toArray()>
173	<org.apache.commons.collections.map.UnmodifiableEntrySet: java.lang.Object[] toArray()>
174	<java.util.ArrayList: int indexOf(java.lang.Object)>
175	<org.apache.commons.collections.map.Flat3Map: boolean containsKey(java.lang.Object)>
176	<org.apache.commons.collections.ReferenceMap: boolean containsKey(java.lang.Object)>
177	<java.util.HashMap: boolean containsKey(java.lang.Object)>
178	<org.apache.commons.collections.map.SingletonMap: boolean containsKey(java.lang.Object)>
179	<org.apache.commons.collections.map.StaticBucketMap: boolean containsKey(java.lang.Object)>
180	<java.util.Hashtable: boolean containsKey(java.lang.Object)>
181	<org.apache.commons.collections.ProxyMap: boolean containsKey(java.lang.Object)>
182	<org.apache.commons.collections.map.AbstractReferenceMap: boolean containsKey(java.lang.Object)>
183	<org.apache.commons.collections.FastHashMap: boolean containsKey(java.lang.Object)>
184	<org.apache.commons.collections.map.CompositeMap: boolean containsKey(java.lang.Object)>
185	<org.apache.commons.collections.map.MultiKeyMap: boolean containsKey(java.lang.Object)>
186	<org.apache.commons.collections.map.AbstractHashedMap: boolean containsKey(java.lang.Object)>
187	<java.util.LinkedHashMap: java.lang.Object get(java.lang.Object)>
188	<java.util.HashMap$Node: int hashCode()>
189	<org.apache.commons.collections.map.Flat3Map: java.lang.Object put(java.lang.Object,java.lang.Object)>
190	<org.apache.commons.collections.collection.AbstractCollectionDecorator: boolean add(java.lang.Object)>
191	<org.apache.commons.collections.collection.PredicatedCollection: boolean add(java.lang.Object)>
192	<org.apache.commons.collections.set.ListOrderedSet: boolean add(java.lang.Object)>
193	<org.apache.commons.collections.buffer.BlockingBuffer: boolean add(java.lang.Object)>
194	<org.apache.commons.collections.DefaultMapBag: boolean add(java.lang.Object)>
195	<org.apache.commons.collections.set.MapBackedSet: boolean add(java.lang.Object)>
196	<org.apache.commons.collections.collection.SynchronizedCollection: boolean add(java.lang.Object)>
197	<org.apache.commons.collections.collection.TransformedCollection: boolean add(java.lang.Object)>
198	<org.apache.commons.collections.collection.AbstractCollectionDecorator: boolean contains(java.lang.Object)>
199	<org.apache.commons.collections.collection.CompositeCollection: boolean contains(java.lang.Object)>
200	<org.apache.commons.collections.DefaultMapBag: boolean contains(java.lang.Object)>
201	<org.apache.commons.collections.set.MapBackedSet: boolean contains(java.lang.Object)>
202	<org.apache.commons.collections.collection.SynchronizedCollection: boolean contains(java.lang.Object)>
203	<org.apache.commons.collections.CursorableLinkedList: boolean contains(java.lang.Object)>
204	<org.apache.commons.collections.CursorableSubList: boolean contains(java.lang.Object)>
205	<org.apache.commons.collections.collection.PredicatedCollection: void validate(java.lang.Object)>
206	<org.apache.commons.collections.map.CaseInsensitiveMap: java.lang.Object convertKey(java.lang.Object)>
207	<org.apache.commons.collections.keyvalue.TiedMapEntry: java.lang.String toString()>
208	<java.util.AbstractCollection: java.lang.String toString()>
209	<org.apache.commons.collections.FastArrayList: java.lang.String toString()>
210	<org.apache.commons.collections.collection.AbstractCollectionDecorator: java.lang.String toString()>
211	<org.apache.commons.collections.keyvalue.AbstractMapEntryDecorator: java.lang.String toString()>
212	<org.apache.commons.collections.set.ListOrderedSet: java.lang.String toString()>
213	<org.apache.commons.collections.keyvalue.MultiKey: java.lang.String toString()>
214	<org.apache.commons.collections.list.AbstractLinkedList: java.lang.String toString()>
215	<java.lang.Object: java.lang.String toString()>
216	<org.apache.commons.collections.DefaultMapBag: java.lang.String toString()>
217	<org.apache.commons.collections.collection.SynchronizedCollection: java.lang.String toString()>
218	<org.apache.commons.collections.map.MultiKeyMap: java.lang.String toString()>
219	<org.apache.commons.collections.map.AbstractHashedMap: java.lang.String toString()>
220	<org.apache.commons.collections.ReferenceMap: org.apache.commons.collections.ReferenceMap$Entry getEntry(java.lang.Object)>
221	<org.apache.commons.collections.ReferenceMap: java.lang.Object put(java.lang.Object,java.lang.Object)>
222	<org.apache.commons.collections.set.CompositeSet: void addComposited(java.util.Collection)>
223	<org.apache.commons.collections.collection.CompositeCollection: void addComposited(java.util.Collection[])>
224	<org.apache.commons.collections.map.AbstractHashedMap: org.apache.commons.collections.map.AbstractHashedMap$HashEntry getEntry(java.lang.Object)>
225	<java.util.HashMap: int hash(java.lang.Object)>
226	<java.util.HashMap: void <init>(java.util.Map)>
227	<java.util.HashMap: void putMapEntries(java.util.Map,boolean)>
228	<java.util.HashMap: java.lang.Object putVal(int,java.lang.Object,java.lang.Object,boolean,boolean)>
229	<java.util.HashMap: java.util.HashMap$Node getNode(int,java.lang.Object)>
230	<java.util.LinkedHashMap: void afterNodeInsertion(boolean)>
231	<java.util.HashMap: java.lang.Object remove(java.lang.Object)>
232	<java.util.HashMap: java.util.HashMap$Node removeNode(int,java.lang.Object,java.lang.Object,boolean,boolean)>
233	<org.apache.commons.collections.map.SingletonMap: boolean isEqualKey(java.lang.Object)>
234	<org.apache.commons.collections.map.SingletonMap: java.lang.Object put(java.lang.Object,java.lang.Object)>
235	<org.apache.commons.collections.map.SingletonMap: boolean isEqualValue(java.lang.Object)>
236	<org.apache.commons.collections.map.StaticBucketMap: int getHash(java.lang.Object)>
237	<org.apache.commons.collections.map.StaticBucketMap: java.lang.Object put(java.lang.Object,java.lang.Object)>
238	<org.apache.commons.collections.iterators.CollatingIterator: boolean set(int)>
239	<org.apache.commons.collections.iterators.CollatingIterator: boolean anyHasNext(java.util.ArrayList)>
240	<java.util.Objects: boolean equals(java.lang.Object,java.lang.Object)>
241	<java.util.Objects: int hashCode(java.lang.Object)>
242	<java.util.Hashtable: void addEntry(int,java.lang.Object,java.lang.Object,int)>
243	<java.util.Hashtable: java.lang.Object put(java.lang.Object,java.lang.Object)>
244	<java.util.Arrays: boolean equals(java.lang.Object[],java.lang.Object[])>
245	<org.apache.commons.collections.ProxyMap: java.lang.Object put(java.lang.Object,java.lang.Object)>
246	<org.apache.commons.collections.map.AbstractReferenceMap: java.lang.Object put(java.lang.Object,java.lang.Object)>
247	<org.apache.commons.collections.map.MultiKeyMap: java.lang.Object put(java.lang.Object,java.lang.Object)>
248	<org.apache.commons.collections.map.AbstractHashedMap: java.lang.Object put(java.lang.Object,java.lang.Object)>
249	<org.apache.commons.collections.MultiHashMap: java.util.Collection getCollection(java.lang.Object)>
250	<org.apache.commons.collections.MultiHashMap: java.util.Collection createCollection(java.util.Collection)>
251	<org.apache.commons.collections.bidimap.TreeBidiMap: boolean doEquals(java.lang.Object,int)>
252	<org.apache.commons.collections.bidimap.TreeBidiMap: int doHashCode(int)>
253	<org.apache.commons.collections.DefaultMapBag: boolean add(java.lang.Object,int)>
254	<org.apache.commons.collections.ProxyMap: java.util.Set keySet()>
255	<org.apache.commons.collections.map.CompositeMap: java.util.Set keySet()>
256	<org.apache.commons.collections.map.AbstractReferenceMap: org.apache.commons.collections.map.AbstractHashedMap$HashEntry getEntry(java.lang.Object)>
257	<org.apache.commons.collections.map.AbstractReferenceMap: boolean isEqualKey(java.lang.Object,java.lang.Object)>
258	<org.apache.commons.collections.FastHashMap: void <init>(java.util.Map)>
259	<java.util.HashMap: java.lang.Object clone()>
260	<org.apache.commons.collections.MultiHashMap: java.lang.Object clone()>
261	<org.apache.commons.collections.FastHashMap: java.lang.Object clone()>
262	<org.apache.commons.collections.FastHashMap: java.lang.Object remove(java.lang.Object)>
263	<org.apache.commons.collections.iterators.TransformIterator: java.lang.Object transform(java.lang.Object)>
264	<org.apache.commons.collections.SequencedHashMap: org.apache.commons.collections.SequencedHashMap$Entry removeImpl(java.lang.Object)>
265	<org.apache.commons.collections.map.AbstractHashedMap: int hash(java.lang.Object)>
266	<org.apache.commons.collections.map.AbstractHashedMap: boolean isEqualKey(java.lang.Object,java.lang.Object)>
267	<org.apache.commons.collections.collection.TransformedCollection: java.lang.Object transform(java.lang.Object)>
268	<org.apache.commons.collections.iterators.ObjectGraphIterator: void updateCurrentIterator()>
269	<org.apache.commons.collections.iterators.LoopingIterator: void reset()>
270	<org.apache.commons.collections.iterators.CollatingIterator: int least()>
271	<org.apache.commons.collections.DefaultMapBag: java.util.List extractList()>
272	<org.apache.commons.collections.DefaultMapBag: java.util.Set uniqueSet()>
273	<org.apache.commons.collections.iterators.FilterIterator: boolean setNextObject()>
274	<org.apache.commons.collections.iterators.FilterListIterator: boolean setNextObject()>
