<Start Method>	<java.util.HashSet: void readObject(java.io.ObjectInputStream)>
<java.util.HashSet: void readObject(java.io.ObjectInputStream)>	<java.util.HashMap: java.lang.Object put(java.lang.Object,java.lang.Object)>
<java.util.HashMap: java.lang.Object put(java.lang.Object,java.lang.Object)>	<org.apache.commons.collections.functors.InvokerTransformer: java.lang.Object transform(java.lang.Object)>
<java.util.HashMap: java.lang.Object put(java.lang.Object,java.lang.Object)>	<org.apache.commons.collections.map.LazyMap: java.lang.Object get(java.lang.Object)>
<java.util.HashMap: java.lang.Object put(java.lang.Object,java.lang.Object)>	<org.apache.commons.collections.collection.TransformedCollection: boolean add(java.lang.Object)>
<java.util.HashMap: java.lang.Object put(java.lang.Object,java.lang.Object)>	<org.apache.commons.collections.iterators.TransformIterator: java.lang.Object transform(java.lang.Object)>
<org.apache.commons.collections.functors.InvokerTransformer: java.lang.Object transform(java.lang.Object)>	<java.lang.reflect.Method: java.lang.Object invoke(java.lang.Object,java.lang.Object[])>
<org.apache.commons.collections.map.LazyMap: java.lang.Object get(java.lang.Object)>	<org.apache.commons.collections.functors.InvokerTransformer: java.lang.Object transform(java.lang.Object)>
<org.apache.commons.collections.collection.TransformedCollection: boolean add(java.lang.Object)>	<org.apache.commons.collections.collection.TransformedCollection: java.lang.Object transform(java.lang.Object)>
<org.apache.commons.collections.iterators.TransformIterator: java.lang.Object transform(java.lang.Object)>	<org.apache.commons.collections.functors.InvokerTransformer: java.lang.Object transform(java.lang.Object)>
<org.apache.commons.collections.collection.TransformedCollection: java.lang.Object transform(java.lang.Object)>	<org.apache.commons.collections.functors.InvokerTransformer: java.lang.Object transform(java.lang.Object)>
