<Start Method>	1
<datahub.shaded.com.google.common.util.concurrent.AtomicDoubleArray: void readObject(java.io.ObjectInputStream)>	1
<java.util.PriorityQueue: void readObject(java.io.ObjectInputStream)>	1
<java.util.concurrent.ConcurrentHashMap: void readObject(java.io.ObjectInputStream)>	1
<datahub.shaded.com.google.common.primitives.ImmutableLongArray$Builder: datahub.shaded.com.google.common.primitives.ImmutableLongArray$Builder add(long)>	1
<datahub.shaded.org.apache.commons.lang.enums.Enum: boolean equals(java.lang.Object)>	1
<datahub.shaded.org.apache.commons.lang.enum.Enum: boolean equals(java.lang.Object)>	1
<datahub.shaded.org.apache.commons.lang.enums.Enum: java.lang.String getNameInOtherClassLoader(java.lang.Object)>	1
<datahub.shaded.org.apache.commons.lang.enums.Enum: int compareTo(java.lang.Object)>	1
<java.lang.reflect.Method: java.lang.Object invoke(java.lang.Object,java.lang.Object[])>	1
<datahub.shaded.com.google.common.collect.ReverseNaturalOrdering: int compare(java.lang.Object,java.lang.Object)>	1
<datahub.shaded.com.google.common.collect.NaturalOrdering: int compare(java.lang.Object,java.lang.Object)>	1
<datahub.shaded.com.google.common.collect.UsingToStringOrdering: int compare(java.lang.Object,java.lang.Object)>	1
<java.util.PriorityQueue: void siftDown(int,java.lang.Object)>	1
<java.util.PriorityQueue: void siftDownComparable(int,java.lang.Object)>	1
<java.util.PriorityQueue: void siftDownUsingComparator(int,java.lang.Object)>	1
<datahub.shaded.org.apache.commons.lang.enums.ValuedEnum: int compareTo(java.lang.Object)>	1
<datahub.shaded.org.apache.commons.lang.enum.Enum: int compareTo(java.lang.Object)>	1
<java.util.PriorityQueue: void heapify()>	1
<datahub.shaded.com.google.common.primitives.ImmutableLongArray$Builder: void ensureRoomFor(int)>	1
<datahub.shaded.com.google.common.primitives.ImmutableLongArray$Builder: int expandedCapacity(int,int)>	1
<datahub.shaded.com.google.common.collect.ReverseNaturalOrdering: int compare(java.lang.Comparable,java.lang.Comparable)>	1
<java.util.concurrent.ConcurrentHashMap$TreeBin: void <init>(java.util.concurrent.ConcurrentHashMap$TreeNode)>	1
<java.util.concurrent.ConcurrentHashMap: int compareComparables(java.lang.Class,java.lang.Object,java.lang.Object)>	1
<datahub.shaded.org.apache.commons.lang.enums.ValuedEnum: int getValueInOtherClassLoader(java.lang.Object)>	1
<datahub.shaded.com.google.common.collect.NaturalOrdering: int compare(java.lang.Comparable,java.lang.Comparable)>	1
<datahub.shaded.org.apache.commons.lang.enum.Enum: java.lang.String getNameInOtherClassLoader(java.lang.Object)>	1
<datahub.shaded.com.google.common.collect.ByFunctionOrdering: int compare(java.lang.Object,java.lang.Object)>	10
<java.util.AbstractMap$SimpleImmutableEntry: boolean equals(java.lang.Object)>	446
