<Start Method>	<datahub.shaded.com.google.common.util.concurrent.AtomicDoubleArray: void readObject(java.io.ObjectInputStream)>
<Start Method>	<java.util.PriorityQueue: void readObject(java.io.ObjectInputStream)>
<Start Method>	<java.util.concurrent.ConcurrentHashMap: void readObject(java.io.ObjectInputStream)>
<datahub.shaded.com.google.common.util.concurrent.AtomicDoubleArray: void readObject(java.io.ObjectInputStream)>	<datahub.shaded.com.google.common.primitives.ImmutableLongArray$Builder: datahub.shaded.com.google.common.primitives.ImmutableLongArray$Builder add(long)>
<java.util.PriorityQueue: void readObject(java.io.ObjectInputStream)>	<java.util.PriorityQueue: void heapify()>
<java.util.concurrent.ConcurrentHashMap: void readObject(java.io.ObjectInputStream)>	<datahub.shaded.org.apache.commons.lang.enums.Enum: boolean equals(java.lang.Object)>
<java.util.concurrent.ConcurrentHashMap: void readObject(java.io.ObjectInputStream)>	<datahub.shaded.org.apache.commons.lang.enum.Enum: boolean equals(java.lang.Object)>
<java.util.concurrent.ConcurrentHashMap: void readObject(java.io.ObjectInputStream)>	<java.util.concurrent.ConcurrentHashMap$TreeBin: void <init>(java.util.concurrent.ConcurrentHashMap$TreeNode)>
<java.util.concurrent.ConcurrentHashMap: void readObject(java.io.ObjectInputStream)>	<java.util.AbstractMap$SimpleImmutableEntry: boolean equals(java.lang.Object)>:: SCC :: 446
<datahub.shaded.com.google.common.primitives.ImmutableLongArray$Builder: datahub.shaded.com.google.common.primitives.ImmutableLongArray$Builder add(long)>	<datahub.shaded.com.google.common.primitives.ImmutableLongArray$Builder: void ensureRoomFor(int)>
<datahub.shaded.org.apache.commons.lang.enums.Enum: boolean equals(java.lang.Object)>	<datahub.shaded.org.apache.commons.lang.enums.Enum: java.lang.String getNameInOtherClassLoader(java.lang.Object)>
<datahub.shaded.org.apache.commons.lang.enum.Enum: boolean equals(java.lang.Object)>	<datahub.shaded.org.apache.commons.lang.enum.Enum: java.lang.String getNameInOtherClassLoader(java.lang.Object)>
<datahub.shaded.org.apache.commons.lang.enums.Enum: java.lang.String getNameInOtherClassLoader(java.lang.Object)>	<java.lang.reflect.Method: java.lang.Object invoke(java.lang.Object,java.lang.Object[])>
<datahub.shaded.org.apache.commons.lang.enums.Enum: int compareTo(java.lang.Object)>	<datahub.shaded.org.apache.commons.lang.enums.Enum: java.lang.String getNameInOtherClassLoader(java.lang.Object)>
<datahub.shaded.com.google.common.collect.ReverseNaturalOrdering: int compare(java.lang.Object,java.lang.Object)>	<datahub.shaded.com.google.common.collect.ReverseNaturalOrdering: int compare(java.lang.Comparable,java.lang.Comparable)>
<datahub.shaded.com.google.common.collect.NaturalOrdering: int compare(java.lang.Object,java.lang.Object)>	<datahub.shaded.com.google.common.collect.NaturalOrdering: int compare(java.lang.Comparable,java.lang.Comparable)>
<java.util.PriorityQueue: void siftDown(int,java.lang.Object)>	<java.util.PriorityQueue: void siftDownComparable(int,java.lang.Object)>
<java.util.PriorityQueue: void siftDown(int,java.lang.Object)>	<java.util.PriorityQueue: void siftDownUsingComparator(int,java.lang.Object)>
<java.util.PriorityQueue: void siftDownComparable(int,java.lang.Object)>	<datahub.shaded.org.apache.commons.lang.enums.Enum: int compareTo(java.lang.Object)>
<java.util.PriorityQueue: void siftDownComparable(int,java.lang.Object)>	<datahub.shaded.org.apache.commons.lang.enums.ValuedEnum: int compareTo(java.lang.Object)>
<java.util.PriorityQueue: void siftDownComparable(int,java.lang.Object)>	<datahub.shaded.org.apache.commons.lang.enum.Enum: int compareTo(java.lang.Object)>
<java.util.PriorityQueue: void siftDownUsingComparator(int,java.lang.Object)>	<datahub.shaded.com.google.common.collect.ReverseNaturalOrdering: int compare(java.lang.Object,java.lang.Object)>
<java.util.PriorityQueue: void siftDownUsingComparator(int,java.lang.Object)>	<datahub.shaded.com.google.common.collect.NaturalOrdering: int compare(java.lang.Object,java.lang.Object)>
<java.util.PriorityQueue: void siftDownUsingComparator(int,java.lang.Object)>	<datahub.shaded.com.google.common.collect.UsingToStringOrdering: int compare(java.lang.Object,java.lang.Object)>
<java.util.PriorityQueue: void siftDownUsingComparator(int,java.lang.Object)>	<datahub.shaded.com.google.common.collect.ByFunctionOrdering: int compare(java.lang.Object,java.lang.Object)>:: SCC :: 10
<datahub.shaded.org.apache.commons.lang.enums.ValuedEnum: int compareTo(java.lang.Object)>	<datahub.shaded.org.apache.commons.lang.enums.ValuedEnum: int getValueInOtherClassLoader(java.lang.Object)>
<datahub.shaded.org.apache.commons.lang.enum.Enum: int compareTo(java.lang.Object)>	<datahub.shaded.org.apache.commons.lang.enum.Enum: java.lang.String getNameInOtherClassLoader(java.lang.Object)>
<java.util.PriorityQueue: void heapify()>	<java.util.PriorityQueue: void siftDown(int,java.lang.Object)>
<datahub.shaded.com.google.common.primitives.ImmutableLongArray$Builder: void ensureRoomFor(int)>	<datahub.shaded.com.google.common.primitives.ImmutableLongArray$Builder: int expandedCapacity(int,int)>
<datahub.shaded.com.google.common.collect.ReverseNaturalOrdering: int compare(java.lang.Comparable,java.lang.Comparable)>	<datahub.shaded.org.apache.commons.lang.enums.Enum: int compareTo(java.lang.Object)>
<datahub.shaded.com.google.common.collect.ReverseNaturalOrdering: int compare(java.lang.Comparable,java.lang.Comparable)>	<datahub.shaded.org.apache.commons.lang.enums.ValuedEnum: int compareTo(java.lang.Object)>
<datahub.shaded.com.google.common.collect.ReverseNaturalOrdering: int compare(java.lang.Comparable,java.lang.Comparable)>	<datahub.shaded.org.apache.commons.lang.enum.Enum: int compareTo(java.lang.Object)>
<java.util.concurrent.ConcurrentHashMap$TreeBin: void <init>(java.util.concurrent.ConcurrentHashMap$TreeNode)>	<java.util.concurrent.ConcurrentHashMap: int compareComparables(java.lang.Class,java.lang.Object,java.lang.Object)>
<java.util.concurrent.ConcurrentHashMap: int compareComparables(java.lang.Class,java.lang.Object,java.lang.Object)>	<datahub.shaded.org.apache.commons.lang.enums.Enum: int compareTo(java.lang.Object)>
<java.util.concurrent.ConcurrentHashMap: int compareComparables(java.lang.Class,java.lang.Object,java.lang.Object)>	<datahub.shaded.org.apache.commons.lang.enums.ValuedEnum: int compareTo(java.lang.Object)>
<java.util.concurrent.ConcurrentHashMap: int compareComparables(java.lang.Class,java.lang.Object,java.lang.Object)>	<datahub.shaded.org.apache.commons.lang.enum.Enum: int compareTo(java.lang.Object)>
<datahub.shaded.org.apache.commons.lang.enums.ValuedEnum: int getValueInOtherClassLoader(java.lang.Object)>	<java.lang.reflect.Method: java.lang.Object invoke(java.lang.Object,java.lang.Object[])>
<datahub.shaded.com.google.common.collect.NaturalOrdering: int compare(java.lang.Comparable,java.lang.Comparable)>	<datahub.shaded.org.apache.commons.lang.enums.Enum: int compareTo(java.lang.Object)>
<datahub.shaded.com.google.common.collect.NaturalOrdering: int compare(java.lang.Comparable,java.lang.Comparable)>	<datahub.shaded.org.apache.commons.lang.enums.ValuedEnum: int compareTo(java.lang.Object)>
<datahub.shaded.com.google.common.collect.NaturalOrdering: int compare(java.lang.Comparable,java.lang.Comparable)>	<datahub.shaded.org.apache.commons.lang.enum.Enum: int compareTo(java.lang.Object)>
<datahub.shaded.org.apache.commons.lang.enum.Enum: java.lang.String getNameInOtherClassLoader(java.lang.Object)>	<java.lang.reflect.Method: java.lang.Object invoke(java.lang.Object,java.lang.Object[])>
<datahub.shaded.com.google.common.collect.ByFunctionOrdering: int compare(java.lang.Object,java.lang.Object)>:: SCC :: 10	<datahub.shaded.com.google.common.collect.ReverseNaturalOrdering: int compare(java.lang.Object,java.lang.Object)>
<datahub.shaded.com.google.common.collect.ByFunctionOrdering: int compare(java.lang.Object,java.lang.Object)>:: SCC :: 10	<datahub.shaded.com.google.common.collect.NaturalOrdering: int compare(java.lang.Object,java.lang.Object)>
<datahub.shaded.com.google.common.collect.ByFunctionOrdering: int compare(java.lang.Object,java.lang.Object)>:: SCC :: 10	<datahub.shaded.com.google.common.collect.UsingToStringOrdering: int compare(java.lang.Object,java.lang.Object)>
<java.util.AbstractMap$SimpleImmutableEntry: boolean equals(java.lang.Object)>:: SCC :: 446	<datahub.shaded.org.apache.commons.lang.enums.Enum: boolean equals(java.lang.Object)>
<java.util.AbstractMap$SimpleImmutableEntry: boolean equals(java.lang.Object)>:: SCC :: 446	<datahub.shaded.org.apache.commons.lang.enum.Enum: boolean equals(java.lang.Object)>
<java.util.AbstractMap$SimpleImmutableEntry: boolean equals(java.lang.Object)>:: SCC :: 446	<datahub.shaded.org.apache.commons.lang.enums.Enum: int compareTo(java.lang.Object)>
<java.util.AbstractMap$SimpleImmutableEntry: boolean equals(java.lang.Object)>:: SCC :: 446	<datahub.shaded.org.apache.commons.lang.enums.ValuedEnum: int compareTo(java.lang.Object)>
<java.util.AbstractMap$SimpleImmutableEntry: boolean equals(java.lang.Object)>:: SCC :: 446	<datahub.shaded.org.apache.commons.lang.enum.Enum: int compareTo(java.lang.Object)>
